Time,Speed
0,0.182123059519252
0.0199999999999818,0.6687845654
0.239999999999782,1.78199004
0.459999999999582,4.881073832
0.679999999999382,6.363920684
0.899999999999181,9.726004614
1.11999999999898,11.53293088
1.33999999999878,11.88491618
1.55999999999858,13.63673191
1.77999999999838,14.66271016
1.99999999999818,17.01406609
2.21999999999798,18.76618442
2.43999999999778,21.35871626
2.65999999999758,21.35871626
2.87999999999738,22.7762825
3.09999999999718,24.10262536
3.31999999999698,25.39415569
3.53999999999678,27.1919884
3.75999999999658,29.46846142
3.97999999999638,31.28646362
4.19999999999618,32.80053049
4.41999999999598,33.31886537
4.63999999999578,35.16789808
4.85999999999558,36.68896627
5.07999999999538,37.77245068
5.29999999999518,39.48605407
5.51999999999498,40.64079315
5.73999999999478,40.64079315
5.95999999999458,42.19915281
6.17999999999438,43.49296799
6.39999999999418,46.01912352
6.61999999999398,51.24136924
6.83999999999378,53.73560599
7.05999999999358,55.98886784
7.27999999999338,57.94505267
7.49999999999318,58.40782175
7.71999999999298,60.43025052
7.93999999999278,62.95805335
8.15999999999258,64.85780431
8.37999999999238,67.65166109
8.59999999999218,69.31048414
8.81999999999198,69.31048414
9.03999999999178,70.38316341
9.25999999999158,71.57108614
9.47999999999138,72.83061635
9.69999999999118,74.6227078
9.91999999999098,76.86199644
10.1399999999908,79.4436125
10.3599999999906,81.18991059
10.5799999999904,81.93614562
10.7999999999902,83.58347236
11.01999999999,86.10000945
11.2399999999898,88.53750213
11.4599999999896,90.87689593
11.6799999999894,92.95861222
11.8999999999892,92.95861222
12.119999999989,94.77949995
12.3399999999888,96.45190762
12.5599999999886,98.38597017
12.7799999999884,101.4421221
12.9999999999882,103.6481859
13.219999999988,108.1281864
13.4399999999878,109.3694234
13.6599999999876,110.211047
13.8799999999874,112.6013495
14.0999999999872,115.5372862
14.319999999987,116.469388
14.5399999999868,117.9936889
14.7599999999866,119.1070615
14.9799999999864,119.1070615
15.1999999999862,122.4271365
15.419999999986,123.7091127
15.6399999999858,125.7309487
15.8599999999856,129.4554659
16.0799999999854,130.9323277
16.2999999999852,132.8640222
16.519999999985,134.5064511
16.7399999999848,135.2666473
16.9599999999846,136.1785377
17.1799999999844,137.5553279
17.3999999999842,139.4190437
17.619999999984,143.6961972
17.8399999999838,145.3311952
18.0599999999836,145.3311952
18.2799999999834,146.9661693
18.4999999999832,148.6214791
18.719999999983,150.5634047
18.9399999999828,152.7854023
19.1599999999826,155.5397477
19.3799999999824,160.0702269
19.5999999999822,161.9600697
19.819999999982,162.9465538
20.0399999999818,164.2882919
20.2599999999816,166.851999
20.4799999999814,168.1500302
20.6999999999812,174.1810383
20.919999999981,176.992744
21.1399999999808,176.992744
21.3599999999806,178.6886406
21.5799999999804,179.8007888
21.7999999999802,182.0612102
22.01999999998,184.154685
22.2399999999798,186.1240131
22.4599999999796,190.0187902
22.6799999999794,191.4814384
22.8999999999792,192.3671699
23.119999999979,194.0325561
23.3399999999788,195.8547618
23.5599999999786,199.0173145
23.7799999999784,201.0870431
23.9999999999782,203.1740325
24.219999999978,203.1740325
24.4399999999778,204.7713847
24.6599999999776,205.9853161
24.8799999999774,206.9865551
25.0999999999772,208.8538586
25.319999999977,211.1563713
25.5399999999768,212.9998326
25.7599999999766,214.1136236
25.9799999999764,214.9908225
26.1999999999762,216.0592782
26.419999999976,217.4675839
26.6399999999758,219.3529899
26.8599999999756,221.6504436
27.0799999999754,223.8674551
27.2999999999752,223.8674551
27.519999999975,225.9848455
27.7399999999748,227.0909002
27.9599999999746,228.6930301
28.1799999999744,231.7005115
28.3999999999742,235.0880031
28.619999999974,237.091315
28.8399999999738,239.90873
29.0599999999736,240.5769361
29.2799999999734,243.5834608
29.4999999999732,245.5333289
29.719999999973,248.2341701
29.9399999999728,255.1933441
30.1599999999726,256.4976524
30.3799999999724,256.4976524
30.5999999999722,257.8332543
30.819999999972,258.9335472
31.0399999999718,259.974969
31.2599999999716,261.975402
31.4799999999714,263.1046958
31.6999999999712,266.3439151
31.919999999971,268.1312246
32.1399999999708,268.5822566
32.3599999999706,270.1704624
32.5799999999704,271.7997823
32.7999999999702,273.4484203
33.01999999997,276.2443878
33.2399999999698,278.2763091
33.4599999999696,278.2763091
33.6799999999694,280.4185759
33.8999999999692,282.0421719
34.119999999969,284.2228564
34.3399999999688,286.0195432
34.5599999999686,288.6715271
34.7799999999684,293.740795
34.9999999999682,296.1037927
35.219999999968,296.8039243
35.4399999999678,299.1516367
35.6599999999676,300.3916842
35.8799999999674,301.9435269
36.0999999999672,306.4954087
36.319999999967,307.8
36.5399999999668,308
36.7599999999666,308.2
36.9799999999664,308.9
37.1999999999662,309.2
37.419999999966,309.6
37.6399999999658,309.8
37.8599999999656,310.25
38.0799999999654,310.7
38.2999999999652,311.4
38.519999999965,311.8
38.7399999999648,312
38.9599999999646,313
39.1799999999644,314.9429992
39.3999999999642,316.3149899
39.619999999964,316.3149899
39.8399999999638,318.3681698
40.0599999999636,319.5301049
40.2799999999634,320.5105281
40.4999999999632,321.4115077
40.719999999963,322.7545015
40.9399999999628,324.3470756
41.1599999999626,325.3101626
41.3799999999624,325.9054903
41.5999999999622,326.8833721
41.819999999962,327.5998462
42.0399999999618,328.777078
42.2599999999616,330.1591473
42.4799999999614,331.7880094
42.6999999999612,331.7880094
42.919999999961,333.1187054
43.1399999999608,333.590388
43.3599999999606,334.468631
43.5799999999604,335.336443
43.7999999999602,336.9253319
44.01999999996,338.9748069
44.2399999999598,339.6062749
44.4599999999596,339.9283252
44.6799999999594,340.7334283
44.8999999999592,341.81585
45.119999999959,342.8337047
45.3399999999588,343.9711295
45.5599999999586,345.423376
45.7799999999584,345.423376
45.9999999999582,346.7650557
46.219999999958,347.6251096
46.4399999999578,349.0291601
46.6599999999576,350.9001279
46.8799999999574,352.0200144
47.0999999999572,353.6591932
47.319999999957,355.5844504
47.5399999999568,356.1680786
47.7599999999566,358.1663147
47.9799999999564,359.4460219
48.1999999999562,359.994387
48.419999999956,361.0894714
48.6399999999558,361.9536446
48.8599999999556,361.9536446
49.0799999999554,363.4181855
49.2999999999552,364.5906946
49.519999999955,365.8138783
49.7399999999548,367.5632759
49.9599999999546,368.9622498
50.1799999999544,371.9657008
50.3999999999542,372.8342391
50.619999999954,373.3459585
50.8399999999538,374.3108598
51.0599999999536,375.242113
51.2799999999534,377.0350764
51.4999999999532,378.1769978
51.719999999953,379.6827421
51.9399999999528,379.6827421
52.1599999999526,381.3147208
52.3799999999524,381.66963
52.5999999999522,383.1169424
52.819999999952,385.3671457
53.0399999999518,386.3304661
53.2599999999516,388.4610473
53.4799999999514,389.9812588
53.6999999999512,390.1254167
53.919999999951,392.2639559
54.1399999999508,393.4449927
54.3599999999506,394.3326437
54.5799999999504,396.1367134
54.7999999999502,397.0266586
55.01999999995,397.0266586
55.2399999999498,397.9874291
55.4599999999496,398.6095182
55.6799999999494,399.9989873
55.8999999999492,400.931374
56.119999999949,402.0442132
56.3399999999488,403.797749
56.5599999999486,405.291913
56.7799999999484,405.4507517
56.9999999999482,406.3815978
57.219999999948,407.9383373
57.4399999999478,409.2909705
57.6599999999476,410.668124
57.8799999999474,412.3416117
58.0999999999472,412.3416117
58.319999999947,413.596924
58.5399999999468,414.8230069
58.7599999999466,415.9061632
58.9799999999464,417.7027602
59.1999999999462,418.6535598
59.419999999946,420.4962762
59.6399999999458,421.8944635
59.8599999999456,422.4327408
60.0799999999454,423.2984681
60.2999999999452,424.7613907
60.519999999945,425.6562948
60.7399999999448,426.92009
60.9599999999446,427.6607635
61.1799999999444,427.6607635
61.3999999999442,428.6443041
61.619999999944,429.5684861
61.8399999999438,432.5595462
62.0599999999436,434.0242783
62.2799999999434,435.3379136
62.4999999999432,436.6638747
62.719999999943,437.9003257
62.9399999999428,438.1197887
63.1599999999426,439.3923307
63.3799999999424,440.6180396
63.5999999999422,441.3468742
63.819999999942,442.3938017
64.0399999999418,444.6142627
64.2599999999416,444.6142627
64.4599999999415,445.2766685
64.6799999999413,446.2981216
64.8999999999411,447.5590251
65.1199999999409,448.8221209
65.3399999999407,450.1775578
65.5599999999405,451.3387175
65.7799999999403,452.2573222
65.9999999999401,452.5048821
66.2199999999399,453.5207912
66.4399999999397,454.803785
66.6599999999395,456.6637991
66.8799999999393,459.3794916
67.0999999999391,460.4201085
67.3199999999389,460.4201085
67.5399999999387,461.6174021
67.7599999999385,462.1700089
67.9799999999383,463.3219228
68.1999999999381,466.320205
68.4199999999379,467.3834078
68.6399999999377,469.1476106
68.8599999999375,470.3769859
69.0799999999373,470.7729272
69.2999999999371,472.4058844
69.5199999999369,473.9935643
69.7399999999367,476.0912231
69.9599999999365,477.9111383
70.1799999999363,478.6754928
70.3999999999361,478.6754928
70.6199999999359,479.3104313
70.8399999999357,480.5086296
71.0599999999355,481.503673
71.2799999999353,482.5832417
71.4999999999351,483.2764841
71.7199999999349,488.2171781
71.9399999999347,489.834888
72.1599999999345,490.1710161
72.3799999999343,491.7341893
72.5999999999341,492.9839235
72.8199999999339,494.0223933
73.0399999999337,495.7618945
73.2599999999335,497.6713073
73.4799999999333,497.6713073
73.6999999999331,498.5295708
73.9199999999329,499.1774913
74.1399999999327,499.878273
74.3599999999325,501.6263536
74.5799999999323,502.5105814
74.7999999999321,505.2209262
75.0024316405569,506.0458792
75.2135986327445,506.3573512
75.435654296807,508.3889872
75.6610034179006,509.7982469
75.8806469725879,511.3114047
76.1198559569629,512.5461331
76.3598559569626,514.0093837
76.5998559569624,514.0093837
76.8398559569622,514.8609624
77.079855956962,515.8032999
77.3198559569618,516.8181929
77.5598559569615,517.9328063
77.7998559569613,520.573633
78.0398559569611,521.7803703
78.2798559569609,524.0003005
78.5198559569607,524.3326489
78.7598559569605,526.1707706
78.9998559569602,527.5114351
79.23985595696,528.2922167
79.4798559569598,529.5511282
79.7198559569596,530.5607225
79.9598559569594,530.5607225
80.1998559569591,531.8003986
80.4398559569589,532.8392614
80.6798559569587,533.46991
80.9198559569585,534.4565093
81.1598559569583,536.8085251
81.399855956958,538.4793934
81.6398559569578,540.4018703
81.8798559569576,540.9896018
82.1198559569574,543.0470436
82.3598559569572,544.0158725
82.599855956957,546.1137786
82.8398559569567,549.6675525
83.0798559569565,550.6300085
83.3198559569563,550.6300085
83.5598559569561,552.0101581
83.7998559569559,552.8869486
84.0398559569556,554.3399326
84.2798559569554,555.475268
84.5198559569552,556.9455739
84.759855956955,558.4114238
84.9998559569548,559.5724887
85.2398559569546,560.2455688
85.4798559569543,561.3731619
85.7198559569541,562.0794408
85.9598559569539,563.2408042
86.1998559569537,564.4072965
86.4398559569535,565.698403
86.6798559569532,565.698403
86.919855956953,566.7070426
87.1598559569528,567.2759866
87.3998559569526,568.3342859
87.6398559569524,569.4380325
87.8798559569522,570.7488903
88.1198559569519,574.8370884
88.3598559569517,576.0741209
88.5998559569515,576.6013091
88.8398559569513,577.6157609
89.0798559569511,579.0084027
89.3198559569508,580.2241343
89.5598559569506,581.4181083
89.7998559569504,582.8772793
90.0398559569502,582.8772793
90.27985595695,584.6424881
90.5198559569498,585.7098852
90.7598559569495,587.3068886
90.9998559569493,588.8289032
91.2398559569491,590.0983863
91.4798559569489,593.7380381
91.7198559569487,594.8435972
91.9598559569484,595.6083715
92.1998559569482,596.5180329
92.439855956948,598.7754755
92.6798559569478,600.1219795
92.9198559569476,602.387257
93.1598559569474,603.7234092
93.3998559569471,603.7234092
93.6398559569469,604.9563734
93.8798559569467,605.6578966
94.1198559569465,606.3787453
94.3598559569463,607.8688002
94.599855956946,609.9558976
94.8398559569458,615.5245645
95.0798559569456,616.2045933
95.3198559569454,616.5877919
95.5598559569452,617.5594763
95.799855956945,618.8878236
96.0398559569447,620.7059941
96.2798559569445,625.0258386
96.5198559569443,626.534526
96.7598559569441,626.534526
96.9998559569439,627.5511638
97.2398559569436,628.2067735
97.4798559569434,629.2067735
97.7198559569432,630.169769
97.959855956943,631.2993096
98.1998559569428,632.8486165
98.4398559569426,633.833042
98.6798559569423,634.5562928
98.9198559569421,635.6364163
99.1598559569419,637.159293
99.3998559569417,638.7473897
99.6398559569415,639.8627755
99.8798559569412,641.2756897
100.119855956941,641.2756897
100.359855956941,642.5282381
100.599855956941,643.8863189
100.83985595694,644.6886618
101.07985595694,646.8121897
101.31985595694,648.2067055
101.55985595694,650.137096
101.79985595694,651.3196154
102.039855956939,651.5869499
102.279855956939,652.6196033
102.519855956939,653.2635059
102.759855956939,654.5721176
102.999855956938,656.0837008
103.239855956938,656.9667917
103.479855956938,656.9667917
103.719855956938,658.7732723
103.959855956938,659.9748915
104.199855956937,661.2306958
104.439855956937,663.5768466
104.679855956937,664.7498173
104.919855956937,666.3460677
105.159855956936,667.3460677
105.399855956936,667.7738237
105.639855956936,669.0130376
105.879855956936,670.6142004
106.119855956936,671.4704919
106.359855956935,673.1230003
106.599855956935,674.4348426
106.839855956935,674.4348426
107.079855956935,675.7252807
107.319855956934,676.5078316
107.559855956934,678.310055
107.799855956934,680.1416339
108.039855956934,681.5961805
108.279855956934,683.1869401
108.519855956933,684.3861884
108.759855956933,684.6634441
108.999855956933,686.1690817
109.239855956933,687.456458
109.479855956933,688.280671
109.719855956932,691.0413042
109.959855956932,691.9254043
110.199855956932,691.9254043
110.439855956932,693.2013586
110.679855956931,694.3299446
110.919855956931,695.4551662
111.159855956931,696.5758089
111.399855956931,697.7808503
111.639855956931,700.0717726
111.87985595693,701.1572487
112.11985595693,701.514251
112.35985595693,703.8129641
112.59985595693,704.7885177
112.839855956929,707.0879321
113.079855956929,708.4349081
113.319855956929,710.1847093
113.559855956929,710.1847093
113.799855956929,712.1156458
114.039855956928,713.5334565
114.279855956928,714.7854932
114.519855956928,715.8627844
114.759855956928,717.1880547
114.999855956927,718.3224418
115.239855956927,719.7439861
115.479855956927,719.9610681
115.719855956927,720.6285456
115.959855956927,721.563338
116.199855956926,722.6877792
116.439855956926,723.9447477
116.679855956926,724.7809285
116.919855956926,724.7809285
117.159855956926,725.7517152
117.399855956925,726.6176894
117.639855956925,727.9466585
117.879855956925,729.8326147
118.119855956925,731.2729206
118.359855956924,734.1055439
118.599855956924,735.4513626
118.835117187393,736.145054
119.045700683486,737.6693943
119.261193847549,738.7123908
119.47290527333,739.4171989
119.67354980458,744.9716304
119.873674316299,746.1458321
120.093674316299,746.1458321
120.313674316298,747.2545117
120.533674316298,748.552637
120.753674316298,750.4839831
120.973674316298,751.5824345
121.193674316298,752.2505621
121.413674316297,754.2591321
121.633674316297,755.4266971
121.853674316297,756.024479
122.073674316297,757.1693515
122.293674316297,757.9285985
122.513674316296,759.3361576
122.733674316296,760.963136
122.953674316296,762.0697399
123.173674316296,762.0697399
123.393674316296,763.0697399
123.613674316295,763.6476381
123.833674316295,765.7038658
124.053674316295,767.7142494
124.273674316295,768.4101981
124.493674316295,769.9333449
124.713674316294,770.8948553
124.933674316294,771.3186587
125.153674316294,773.2238292
125.373674316294,773.9453014
125.593674316294,774.980158
125.813674316293,776.457618
126.033674316293,778.0849121
126.253674316293,778.0849121
126.473674316293,779.2633273
126.693674316293,779.745096
126.913674316292,781.1647629
127.133674316292,782.5234473
127.353674316292,783.4769823
127.573674316292,785.1809869
127.793674316292,786.3171691
128.013674316291,786.5033217
128.233674316291,787.864813
128.453674316291,789.6633245
128.673674316291,790.5483377
128.893674316291,792.1219212
129.11367431629,793.3845
129.33367431629,793.3845
129.55367431629,794.6895133
129.77367431629,795.6051668
129.99367431629,797.1706919
130.213674316289,799.4308706
130.433674316289,800.6184762
130.653674316289,802.24823
130.873674316289,803.4593449
131.093674316289,803.6810119
131.313674316288,804.5833031
131.533674316288,806.1135263
131.753674316288,807.3646908
131.973674316288,808.5720079
132.193674316288,809.4745285
132.413674316287,809.4745285
132.633674316287,810.7557163
132.853674316287,811.4623704
133.073674316287,813.2189941
133.293674316287,814.4656235
133.513674316286,816.0132671
133.733674316286,818.7701616
133.953674316286,819.9461693
134.173674316286,820.0534444
134.393674316286,820.967026
134.613674316285,821.8458495
134.833674316285,823.1754464
135.053674316285,824.2145418
135.273674316285,825.6603801
135.493674316285,825.6603801
135.713674316284,826.9413087
135.933674316284,827.5456901
136.153674316284,828.6267427
136.373674316284,830.4107319
136.593674316284,831.5216248
136.813674316283,834.1794104
137.033674316283,835.2581272
137.253674316283,835.7905611
137.473674316283,837.1430655
137.693674316283,838.4981753
137.913674316282,839.4527792
138.133674316282,840.7779958
138.353674316282,841.9148087
138.573674316282,841.9148087
138.793674316282,843.5169779
139.013674316281,844.228261
139.233674316281,845.583346
139.453674316281,848.1818456
139.673674316281,849.966061
139.893674316281,851.6612685
140.11367431628,852.5033102
140.33367431628,852.6277426
140.55367431628,853.9422259
140.77367431628,854.6412232
140.99367431628,856.5540937
141.213674316279,858.7620457
141.433674316279,859.7146578
141.653674316279,859.7146578
141.873674316279,861.177539
142.093674316279,861.8738842
142.313674316278,863.1122536
142.533674316278,864.3926089
142.753674316278,865.2251551
142.973674316278,867.9143122
143.193674316278,869.9469246
143.413674316277,870.272341
143.633674316277,871.0501002
143.853674316277,872.795812
144.073674316277,873.8172902
144.293674316277,875.3153361
144.513674316276,877.889719
144.733674316276,877.889719
144.953674316276,879.2602277
145.173674316276,880.1563231
145.393674316276,880.8034102
145.613674316275,882.145051
145.833674316275,883.0243356
146.053674316275,884.9357564
146.273674316275,887.3124297
146.493674316275,887.5491756
146.713674316274,888.3821079
146.933674316274,889.6967928
147.153674316274,891.2157563
147.373674316274,892.6245947
147.593674316274,894.2874341
147.813674316273,896
148.033674316273,898
148.253674316273,899
148.473674316273,901
148.693674316273,902
148.913674316272,903.1
149.133674316272,904.5
149.353674316272,907
149.573674316272,908
149.793674316272,911
150.013674316271,913
150.233674316271,914
150.453674316271,915
150.673674316271,917
150.893674316271,919.5
151.11367431627,921
151.33367431627,924
151.55367431627,927.7871372
151.77367431627,937.543932
151.99367431627,937.5726004
152.213674316269,935.8144703
152.433674316269,936.1896111
152.653674316269,936.958449
152.873674316269,938.0811236
153.093674316269,938.7448106
153.313674316268,939.5493079
153.533674316268,941.2952005
153.753674316268,944.0188251
153.973674316268,944.2154998
154.193674316268,944.4780526
154.413674316267,945.8124558
154.633674316267,944.9468415
154.853674316267,947.339529
155.073674316267,945.8527746
155.293674316267,947.1885043
155.513674316266,948.5856022
155.733674316266,948.6369647
155.953674316266,949.4653692
156.173674316266,951.4100466
156.393674316266,950.7647636
156.613674316265,954.3824309
156.833674316265,952.7937145
157.053674316265,953.0213388
157.273674316265,954.9014378
157.493674316265,954.4298304
157.713674316264,956.7221058
157.933674316264,958.2448997
158.153674316264,957.8747224
158.373674316264,957.1979427
158.593674316264,958.7198984
158.813674316263,960.9691373
159.033674316263,961.7296368
159.253674316263,962.8630722
159.473674316263,963.5462235
159.693674316263,967.0014616
159.913674316262,968.3081503
160.133674316262,968.6717403
160.353674316262,969.9367143
160.573674316262,970.7299249
160.793674316262,971.7014928
161.013674316261,970.5247164
161.233674316261,971.4845474
161.453674316261,971.4845474
161.673674316261,973.6619953
161.893674316261,974.7635371
162.11367431626,975.1096707
162.33367431626,976.3150785
162.55367431626,975.0535403
162.77367431626,977.4529564
162.99367431626,978.1008917
163.213674316259,979.6375689
163.433674316259,981.2647963
163.653674316259,979.8094048
163.873674316259,982.1742489
164.093674316259,981.6755862
164.313674316258,982.2674303
164.533674316258,983.6620194
164.753674316258,984.3047486
164.973674316258,984.7861243
165.193674316258,984.9922735
165.413674316257,987.3770879
165.633674316257,988.4442178
165.853674316257,987.7764051
166.073674316257,988.4517885
166.293674316257,989.53292
166.513674316256,990.9087394
166.733674316256,990.518387
166.953674316256,991.6924046
167.173674316256,995.5705216
167.393674316256,994.5931978
167.613674316255,995.3002334
167.833674316255,997.6644619
168.053674316255,995.9352179
168.273674316255,997.3552995
168.493674316255,1000.764517
168.713674316254,1000.485526
168.933674316254,1004.844972
169.153674316254,1006.405322
169.373674316254,1006.560954
169.593674316254,1006.72164
169.813674316253,1008.327244
170.033674316253,1009.470766
170.253674316253,1009.747023
170.473674316253,1010.524504
170.693674316253,1009.80512
170.913674316252,1011.369495
171.133674316252,1011.237649
171.353674316252,1013.383655
171.573674316252,1014.845466
171.793674316252,1014.81397
172.013674316251,1018.541939
172.233674316251,1019.287746
172.453674316251,1018.052501
172.673674316251,1020.007528
172.893674316251,1019.68665
173.11367431625,1021.296974
173.33367431625,1022.958555
173.55367431625,1024.630646
173.77367431625,1023.899946
173.99367431625,1025.459552
174.213674316249,1024.05491
174.433674316249,1026.711067
174.653674316249,1027.780078
174.873674316249,1029.214665
175.093674316249,1029.308721
175.313674316248,1031.945628
175.533674316248,1030.700562
175.753674316248,1031.951772
175.973674316248,1033.470334
176.193674316248,1033.22498
176.413674316247,1033.329321
176.633674316247,1034.894605
176.853674316247,1033.416885
177.073674316247,1035.651863
177.293674316247,1037.167235
177.513674316246,1035.83492
177.733674316246,1038.711091
177.953674316246,1037.99257
178.173674316246,1040.660925
178.393674316246,1040.723364
178.613674316245,1041.710722
178.833674316245,1042.296476
179.053674316245,1042.296919
179.273674316245,1042.329768
179.493674316245,1046.643945
179.713674316244,1047.188856
179.933674316244,1044.943266
180.153674316244,1045.609115
180.373674316244,1047.753506
180.593674316244,1047.070335
180.813674316243,1048.476722
181.033674316243,1051.001564
181.253674316243,1051.257476
181.473674316243,1051.881597
181.693674316243,1052.198206
181.913674316242,1052.569006
182.133674316242,1054.852149
182.353674316242,1055.805133
182.573674316242,1055.743178
182.793674316242,1057.684154
183.013674316241,1056.926375
183.233674316241,1058.295449
183.453674316241,1059.662757
183.673674316241,1059.958315
183.893674316241,1060.82899
184.11367431624,1062.562334
184.33367431624,1065.064894
184.55367431624,1064.290131
184.77367431624,1065.974822
184.99367431624,1065.940293
185.213674316239,1067.55534
185.433674316239,1067.065713
185.653674316239,1068.867796
185.873674316239,1069.351006
186.093674316239,1070.118944
186.313674316238,1071.141511
186.533674316238,1073.274491
186.753674316238,1073.630342
186.973674316238,1072.226417
187.193674316238,1075.173121
187.413674316237,1077.887727
187.633674316237,1078.946223
187.853674316237,1077.672378
188.073674316237,1079.881026
188.293674316237,1080.906544
188.513674316236,1081.870721
188.733674316236,1084.258473
188.953674316236,1082.530056
189.173674316236,1084.088075
189.393674316236,1085.464403
189.613674316235,1083.584078
189.833674316235,1086.860185
190.053674316235,1087.088024
190.273674316235,1087.286445
190.493674316235,1089.203348
190.713674316234,1089.846859
190.933674316234,1090.326841
191.153674316234,1091.944264
191.373674316234,1092.391174
191.593674316234,1090.830168
191.813674316233,1091.655851
192.033674316233,1094.847116
192.253674316233,1094.05909
192.473674316233,1094.228357
192.693674316233,1094.011678
192.913674316232,1097.542425
193.133674316232,1097.569915
193.353674316232,1098.924691
193.573674316232,1099.802883
193.793674316232,1100.50036
194.013674316231,1099.37192
194.233674316231,1100.565271
194.453674316231,1102.063892
194.673674316231,1101.801232
194.893674316231,1105.203265
195.11367431623,1104.340962
195.33367431623,1105.137508
195.55367431623,1106.864298
195.77367431623,1105.986162
195.99367431623,1108.467193
196.213674316229,1109.259103
196.433674316229,1109.051329
196.653674316229,1112.374005
196.873674316229,1113.520304
197.093674316229,1114.044823
197.313674316228,1115.001075
197.533674316228,1117.44179
197.753674316228,1117.412028
197.973674316228,1119.024941
198.193674316228,1117.15067
198.413674316227,1117.957825
198.633674316227,1120.092795
198.853674316227,1118.93227
199.073674316227,1122.459616
199.293674316227,1121.472732
199.513674316226,1122.545613
199.733674316226,1123.808436
199.953674316226,1126.145454
200.173674316226,1125.642479
200.393674316226,1128.499587
200.613674316225,1129.213826
200.833674316225,1128.654362
201.053674316225,1132.738315
201.273674316225,1131.589571
201.493674316225,1133.228085
201.713674316224,1133.940606
201.933674316224,1134.546514
202.153674316224,1134.155993
202.373674316224,1133.260103
202.593674316224,1135.574072
202.813674316223,1137.047279
203.033674316223,1140.511846
203.253674316223,1138.964152
203.473674316223,1138.700283
203.693674316223,1141.817258
203.913674316222,1139.871689
204.133674316222,1140.681006
204.353674316222,1142.015553
204.573674316222,1142.84319
204.793674316222,1144.468405
205.013674316221,1143.522157
205.233674316221,1145.078255
205.453674316221,1147.878157
205.673674316221,1148.59155
205.893674316221,1148.667414
206.11367431622,1150.191066
206.33367431622,1148.769188
206.55367431622,1148.449168
206.77367431622,1150.021464
206.99367431622,1152.718654
207.213674316219,1152.806209
207.433674316219,1154.195826
207.653674316219,1154.195826
207.873674316219,1154.282169
208.093674316219,1153.796794
208.313674316218,1155.201217
208.533674316218,1157.759232
208.753674316218,1156.028576
208.973674316218,1158.91688
209.193674316218,1161.518045
209.413674316217,1159.208573
209.633674316217,1161.612745
209.853674316217,1163.308144
210.073674316217,1163.521393
210.293674316217,1164.432502
210.513674316216,1165.074762
210.733674316216,1165.921273
210.953674316216,1167.229263
211.173674316216,1165.259071
211.393674316216,1169.306713
211.613674316215,1168.99745
211.833674316215,1172.084254
212.053674316215,1174.603659
212.273674316215,1175.648627
212.493674316215,1175.064623
212.713674316214,1174.891985
212.933674316214,1176.363653
213.153674316214,1175.361468
213.373674316214,1177.071727
213.593674316214,1177.562237
213.813674316213,1176.705934
214.033674316213,1177.643648
214.253674316213,1179.184199
214.473674316213,1179.587108
214.693674316213,1180.656858
214.913674316212,1181.431735
215.133674316212,1183.489607
215.353674316212,1186.075628
215.573674316212,1185.334114
215.793674316212,1186.239466
216.013674316211,1185.897432
216.233674316211,1186.041886
216.453674316211,1187.713349
216.673674316211,1189.042353
216.893674316211,1188.176635
217.11367431621,1190.503254
217.33367431621,1188.558717
217.55367431621,1191.052379
217.77367431621,1190.55279
217.99367431621,1191.333074
218.213674316209,1193.044151
218.433674316209,1194.845999
218.653674316209,1193.57458
218.873674316209,1195.244752
219.093674316209,1198.735636
219.313674316208,1198.08877
219.533674316208,1197.965146
219.753674316208,1199.435606
219.973674316208,1199.435606
220.193674316208,1200.931208
220.413674316207,1200.332508
220.633674316207,1202.441671
220.853674316207,1203.311139
221.073674316207,1203.562551
221.293674316207,1201.753128
221.513674316206,1202.139824
221.733674316206,1203.99391
221.953674316206,1205.499433
222.173674316206,1204.966752
222.393674316206,1204.850998
222.613674316205,1204.774073
222.833674316205,1207.970079
223.053674316205,1207.970079
223.273674316205,1206.545336
223.493674316205,1208.848838
223.713674316204,1206.951887
223.933674316204,1208.683701
224.153674316204,1210.922457
224.373674316204,1210.114703
224.593674316204,1209.989254
224.813674316203,1211.862453
225.033674316203,1213.018018
225.253674316203,1211.85678
225.473674316203,1214.132334
225.693674316203,1213.323821
225.913674316202,1212.813788
226.133674316202,1213.700037
226.353674316202,1213.157882
226.573674316202,1216.129886
226.793674316202,1215.025294
227.013674316201,1217.483093
227.233674316201,1218.233336
227.453674316201,1217.435746
227.673674316201,1217.101349
227.893674316201,1219.039174
228.1136743162,1218.808886
228.3336743162,1219.332184
228.5536743162,1219.55055
228.7736743162,1221.084411
228.9936743162,1219.736071
229.213674316199,1221.520728
229.433674316199,1220.063741
229.653674316199,1222.954437
229.873674316199,1223.412224
230.093674316199,1222.740423
230.313674316198,1223.916667
230.533674316198,1222.639965
230.753674316198,1222.330293
230.973674316198,1225.089778
231.193674316198,1225.869242
231.413674316197,1225.175474
231.633674316197,1224.768713
231.853674316197,1224.262936
232.073674316197,1226.623986
232.293674316197,1226.623986
232.513674316196,1228.094486
232.733674316196,1228.404878
232.953674316196,1228.834214
233.173674316196,1226.764519
233.393674316196,1228.926073
233.613674316195,1229.505074
233.833674316195,1230.448672
234.053674316195,1232.358175
234.273674316195,1232.5381
234.493674316195,1230.147401
234.713674316194,1230.333864
234.933674316194,1231.694855
235.153674316194,1232.303339
235.373674316194,1234.108734
235.593674316194,1234.386196
235.813674316193,1232.854305
236.033674316193,1232.222034
236.253674316193,1234.726524
236.473674316193,1236.178289
236.693674316193,1234.543504
236.913674316192,1237.794172
237.133674316192,1235.239808
237.353674316192,1238.248914
237.573674316192,1236.736672
237.793674316192,1237.84138
238.013674316191,1238.4212
238.233674316191,1237.175339
238.453674316191,1239.896875
238.673674316191,1239.522488
238.893674316191,1240.911129
239.11367431619,1238.727968
239.33367431619,1241.237518
239.55367431619,1239.672596
239.77367431619,1243.280109
239.99367431619,1242.931681
240.213674316189,1242.987086
240.433674316189,1243.46203
240.653674316189,1241.903211
240.873674316189,1244.483547
241.093674316189,1245.272253
241.313674316188,1246.757657
241.533674316188,1245.844103
241.753674316188,1246.466825
241.973674316188,1245.124706
242.193674316188,1248.149424
242.413674316187,1248.416339
242.633674316187,1247.119883
242.853674316187,1246.804566
243.073674316187,1249.31687
243.293674316187,1248.544953
243.513674316186,1249.06395
243.733674316186,1250.214682
243.953674316186,1248.882503
244.173674316186,1251.997017
244.393674316186,1251.582534
244.613674316185,1252.500871
244.833674316185,1251.361021
245.053674316185,1252.475854
245.273674316185,1251.872926
245.493674316185,1253.887178
245.713674316184,1255.443855
245.933674316184,1253.00599
246.153674316184,1255.354686
246.373674316184,1253.641996
246.593674316184,1255.163027
246.813674316183,1256.304015
247.033674316183,1254.874116
247.253674316183,1257.999645
247.473674316183,1256.799188
247.693674316183,1257.721969
247.913674316182,1259.356158
248.133674316182,1259.458654
248.353674316182,1259.260376
248.573674316182,1257.790414
248.793674316182,1260.435658
249.013674316181,1262.636408
249.233674316181,1263.256837
249.453674316181,1260.704747
249.673674316181,1262.951282
249.893674316181,1263.546871
250.11367431618,1261.972938
250.33367431618,1263.965011
250.55367431618,1265.618305
250.77367431618,1263.760256
250.99367431618,1266.126918
251.213674316179,1267.575757
251.433674316179,1267.891423
251.653674316179,1266.353202
251.873674316179,1266.909459
252.093674316179,1269.439644
252.313674316178,1266.873503
252.533674316178,1268.863902
252.753674316178,1269.354926
252.973674316178,1267.782991
253.193674316178,1269.909295
253.413674316177,1271.565022
253.633674316177,1272.390325
253.853674316177,1272.390325
254.073674316177,1271.928351
254.293674316177,1271.252576
254.513674316176,1272.672046
254.733674316176,1272.069854
254.953674316176,1272.474195
255.173674316176,1275.17047
255.393674316176,1273.107714
255.613674316175,1275.162369
255.833674316175,1275.355446
256.053674316175,1276.842151
256.273674316175,1275.392409
256.493674316175,1278.568265
256.713674316174,1277.818781
256.933674316174,1275.940371
257.153674316174,1279.138342
257.373674316174,1277.474478
257.593674316174,1277.888414
257.813674316173,1278.269474
258.033674316173,1280.795321
258.253674316173,1282.080644
258.473674316173,1282.347987
258.693674316173,1280.621994
258.913674316172,1282.150228
259.133674316172,1282.330976
259.353674316172,1282.978631
259.573674316172,1285.116723
259.793674316172,1283.528503
260.013674316171,1283.528503
260.233674316171,1285.397469
260.453674316171,1283.839513
260.673674316171,1286.304908
260.893674316171,1287.811873
261.11367431617,1285.657906
261.33367431617,1286.659472
261.55367431617,1286.977205
261.77367431617,1289.049454
261.99367431617,1290.01501
262.213674316169,1289.253477
262.433674316169,1291.731665
262.653674316169,1291.650222
262.873674316169,1291.627335
263.093674316169,1293.531811
263.313674316168,1293.025637
263.533674316168,1292.308532
263.753674316168,1293.636502
263.973674316168,1294.206462
264.193674316168,1293.683123
264.413674316167,1293.716755
264.633674316167,1295.836742
264.853674316167,1295.011099
265.073674316167,1294.433754
265.293674316167,1294.672086
265.513674316166,1297.834055
265.733674316166,1298.137129
265.953674316166,1296.678713
266.173674316166,1298.591843
266.393674316166,1300.104459
266.613674316165,1297.327763
266.833674316165,1297.628778
267.053674316165,1299.395565
267.273674316165,1298.793334
267.493674316165,1300.539138
267.713674316164,1300.122618
267.933674316164,1302.189664
268.153674316164,1300.910544
268.373674316164,1304.07726
268.593674316164,1301.506015
268.813674316163,1303.900968
269.033674316163,1305.41686
269.253674316163,1304.454326
269.473674316163,1302.936228
269.693674316163,1305.183667
269.913674316162,1303.717611
270.133674316162,1307.068026
270.353674316162,1305.359124
270.573674316162,1306.457254
270.793674316162,1305.976285
271.013674316161,1309.031161
271.233674316161,1306.705055
271.453674316161,1309.917341
271.673674316161,1310.760076
271.893674316161,1310.419874
272.11367431616,1310.355625
272.33367431616,1310.355625
272.55367431616,1311.770561
272.77367431616,1312.060645
272.99367431616,1313.415291
273.213674316159,1314.300899
273.433674316159,1315.032746
273.653674316159,1314.795646
273.873674316159,1314.359981
274.093674316159,1316.36615
274.313674316158,1316.971075
274.533674316158,1314.409922
274.753674316158,1317.852003
274.973674316158,1315.749558
275.193674316158,1318.246813
275.413674316157,1317.273433
275.633674316157,1318.105778
275.853674316157,1319.524822
276.073674316157,1320.176757
276.293674316157,1321.657541
276.513674316156,1322.034388
276.733674316156,1321.79522
276.953674316156,1320.215828
277.173674316156,1321.353385
277.393674316156,1322.827628
277.613674316155,1323.030411
277.833674316155,1322.842415
278.053674316155,1322.982284
278.273674316155,1325.235307
278.493674316155,1325.235307
278.713674316154,1324.583836
